peptide,tcr_binding_score,immunogenicity_score,mhc_stability_score,immune_context_score,combined_immunogenicity,features,prediction_confidence,immunogenicity_rank
YLQPRTFLL,0.38531729322721264,0.5476293413742701,0.9826666666666666,0.6611111111111111,0.5972913689623163,"{'length': 9, 'hydrophobicity': np.float64(0.28888888888888886), 'volume': np.float64(158.84444444444446), 'charge': 1, 'polarity': np.float64(0.4444444444444444), 'aromaticity': np.float64(0.2222222222222222), 'aromatic_fraction': 0.2222222222222222, 'charged_fraction': 0.1111111111111111, 'hydrophobic_fraction': 0.5555555555555556, 'polar_fraction': 0.2222222222222222, 'p2_hydrophobicity': 3.8, 'p9_hydrophobicity': 3.8, 'p2_volume': 166.7, 'p9_volume': 166.7, 'sequence_complexity': 0.7777777777777778, 'hydrophobic_moment': np.float64(0.33706523870388894)}",1.0,1
YLEPGPVTA,0.4166925847873969,0.5209992158418276,0.9953333333333334,0.6055555555555555,0.5930296839951724,"{'length': 9, 'hydrophobicity': np.float64(0.07777777777777782), 'volume': np.float64(125.43333333333332), 'charge': -1, 'polarity': np.float64(0.3333333333333333), 'aromaticity': np.float64(0.1111111111111111), 'aromatic_fraction': 0.1111111111111111, 'charged_fraction': 0.1111111111111111, 'hydrophobic_fraction': 0.4444444444444444, 'polar_fraction': 0.1111111111111111, 'p2_hydrophobicity': 3.8, 'p9_hydrophobicity': 1.8, 'p2_volume': 166.7, 'p9_volume': 88.6, 'sequence_complexity': 0.8888888888888888, 'hydrophobic_moment': np.float64(0.3951925855283055)}",1.0,2
KLPDDFMGC,0.42474508955467216,0.5094106585714309,0.9873333333333334,0.6055555555555555,0.5892100125171963,"{'length': 9, 'hydrophobicity': np.float64(-0.21111111111111105), 'volume': np.float64(132.39999999999998), 'charge': -1, 'polarity': np.float64(0.3333333333333333), 'aromaticity': np.float64(0.1111111111111111), 'aromatic_fraction': 0.1111111111111111, 'charged_fraction': 0.3333333333333333, 'hydrophobic_fraction': 0.3333333333333333, 'polar_fraction': 0.0, 'p2_hydrophobicity': 3.8, 'p9_hydrophobicity': 2.5, 'p2_volume': 166.7, 'p9_volume': 108.5, 'sequence_complexity': 0.8888888888888888, 'hydrophobic_moment': np.float64(1.457097872286435)}",1.0,3
KIADYNYKL,0.4050330520883187,0.5252148543413957,0.9513333333333334,0.6611111111111111,0.5879736351408317,"{'length': 9, 'hydrophobicity': np.float64(-0.8111111111111111), 'volume': np.float64(152.4), 'charge': 1, 'polarity': np.float64(0.6666666666666666), 'aromaticity': np.float64(0.2222222222222222), 'aromatic_fraction': 0.2222222222222222, 'charged_fraction': 0.3333333333333333, 'hydrophobic_fraction': 0.5555555555555556, 'polar_fraction': 0.1111111111111111, 'p2_hydrophobicity': 4.5, 'p9_hydrophobicity': 3.8, 'p2_volume': 166.7, 'p9_volume': 166.7, 'sequence_complexity': 0.7777777777777778, 'hydrophobic_moment': np.float64(1.4764957029621626)}",1.0,4
ALNTLVKQL,0.41160855655959466,0.5313013592724052,0.9613333333333334,0.46111111111111114,0.5743808884546183,"{'length': 9, 'hydrophobicity': np.float64(0.6444444444444444), 'volume': np.float64(141.25555555555556), 'charge': 1, 'polarity': np.float64(0.4444444444444444), 'aromaticity': np.float64(0.0), 'aromatic_fraction': 0.0, 'charged_fraction': 0.1111111111111111, 'hydrophobic_fraction': 0.5555555555555556, 'polar_fraction': 0.3333333333333333, 'p2_hydrophobicity': 3.8, 'p9_hydrophobicity': 3.8, 'p2_volume': 166.7, 'p9_volume': 166.7, 'sequence_complexity': 0.7777777777777778, 'hydrophobic_moment': np.float64(2.1394264379568586)}",1.0,5
RQVFNKDYL,0.399973511705332,0.5097139595451234,0.8623333333333333,0.75,0.5713443039963156,"{'length': 9, 'hydrophobicity': np.float64(-1.0444444444444443), 'volume': np.float64(155.6888888888889), 'charge': 1, 'polarity': np.float64(0.6666666666666666), 'aromaticity': np.float64(0.2222222222222222), 'aromatic_fraction': 0.2222222222222222, 'charged_fraction': 0.3333333333333333, 'hydrophobic_fraction': 0.4444444444444444, 'polar_fraction': 0.2222222222222222, 'p2_hydrophobicity': -3.5, 'p9_hydrophobicity': 3.8, 'p2_volume': 143.8, 'p9_volume': 166.7, 'sequence_complexity': 1.0, 'hydrophobic_moment': np.float64(0.7692984990170236)}",1.0,6
KAFSPEVIPMF,0.4055134050873657,0.42659071542100047,0.964,0.49090909090909096,0.534181216785519,"{'length': 11, 'hydrophobicity': np.float64(0.6), 'volume': np.float64(141.76363636363638), 'charge': 0, 'polarity': np.float64(0.2727272727272727), 'aromaticity': np.float64(0.18181818181818182), 'aromatic_fraction': 0.18181818181818182, 'charged_fraction': 0.18181818181818182, 'hydrophobic_fraction': 0.5454545454545454, 'polar_fraction': 0.09090909090909091, 'p2_hydrophobicity': 1.8, 'p9_hydrophobicity': 2.8, 'p2_volume': 88.6, 'p9_volume': 189.9, 'sequence_complexity': 0.8181818181818182, 'hydrophobic_moment': np.float64(1.1349915761314378)}",1.0,7
SLYNTVATL,0.41518892037041377,0.3999044931974737,0.956,0.4111111111111111,0.5168295845012247,"{'length': 9, 'hydrophobicity': np.float64(0.7333333333333333), 'volume': np.float64(132.32222222222222), 'charge': 0, 'polarity': np.float64(0.5555555555555556), 'aromaticity': np.float64(0.1111111111111111), 'aromatic_fraction': 0.1111111111111111, 'charged_fraction': 0.0, 'hydrophobic_fraction': 0.5555555555555556, 'polar_fraction': 0.4444444444444444, 'p2_hydrophobicity': 3.8, 'p9_hydrophobicity': 3.8, 'p2_volume': 166.7, 'p9_volume': 166.7, 'sequence_complexity': 0.7777777777777778, 'hydrophobic_moment': np.float64(1.5132046074521859)}",1.0,8
GILGFVFTL,0.4149403279572923,0.385727988730947,0.8640000000000001,0.4666666666666667,0.49823996054623326,"{'length': 9, 'hydrophobicity': np.float64(2.266666666666667), 'volume': np.float64(139.57777777777778), 'charge': 0, 'polarity': np.float64(0.1111111111111111), 'aromaticity': np.float64(0.2222222222222222), 'aromatic_fraction': 0.2222222222222222, 'charged_fraction': 0.0, 'hydrophobic_fraction': 0.6666666666666666, 'polar_fraction': 0.1111111111111111, 'p2_hydrophobicity': 4.5, 'p9_hydrophobicity': 3.8, 'p2_volume': 166.7, 'p9_volume': 166.7, 'sequence_complexity': 0.6666666666666666, 'hydrophobic_moment': np.float64(1.342587654167399)}",0.8666666666666667,9
FIAGLIAIV,0.45175105567573604,0.39692439200303153,0.8166666666666667,0.36666666666666664,0.4942950735039335,"{'length': 9, 'hydrophobicity': np.float64(3.0555555555555554), 'volume': np.float64(137.11111111111111), 'charge': 0, 'polarity': np.float64(0.0), 'aromaticity': np.float64(0.1111111111111111), 'aromatic_fraction': 0.1111111111111111, 'charged_fraction': 0.0, 'hydrophobic_fraction': 0.8888888888888888, 'polar_fraction': 0.0, 'p2_hydrophobicity': 4.5, 'p9_hydrophobicity': 4.2, 'p2_volume': 166.7, 'p9_volume': 140.0, 'sequence_complexity': 0.6666666666666666, 'hydrophobic_moment': np.float64(1.2388624465604994)}",0.8666666666666667,10
